id,title,medium,url
1,Money,ink and watercolor,https://i.imgur.com/YPGOEq4.jpg
2,Rock On,ink and watercolor,https://i.imgur.com/PKkLMzv.jpg
3,Pumpkins,ink and watercolor,https://i.imgur.com/3puxrHm.jpg
4,Shaka,ink and watercolor,https://i.imgur.com/d3zKtEn.jpg
5,Wine,ink and pen,https://i.imgur.com/6P5cNBA.jpg
6,Blu Succulent,ink and watercolor,https://i.imgur.com/CYMVQGy.jpg
7,Orange Vase,ink and watercolor,https://i.imgur.com/2EtJJGS.jpg
8,Green Succulent,ink and watercolor,https://i.imgur.com/m90c5iA.jpg
9,San Sal,ink,https://i.imgur.com/N6Z1bZb.jpg
10,Banana,ink and watercolor,https://i.imgur.com/8fZDcMS.jpg
11,Purple Box,ink and watercolor,https://i.imgur.com/u0Cu1wy.jpg
12,Frog,ink and watercolor,https://i.imgur.com/AWw4zHh.jpg
13,Sunrise,ink,https://i.imgur.com/mqIZ8xm.jpg
14,Frenchie,ink and watercolor,https://i.imgur.com/JUtK06K.jpg
15,Yellow Succulent,ink and watercolor,https://i.imgur.com/4t8NEBl.jpg
16,Game of Thrones,ink and watercolor,https://i.imgur.com/x3LHN65.jpg
17,Cuba,ink and watercolor,https://i.imgur.com/4ddoSn7.jpg
18,Orchid,acrylic on canvas,https://i.imgur.com/HQ3PwoQ.jpg
19,Boy,ink and watercolor,https://i.imgur.com/Z16vwjq.jpg
20,Rose,ink and watercolor,https://i.imgur.com/7S73Qq8.jpg
21,Croissant,ink and watercolor,https://i.imgur.com/lpHoYo7.jpg
22,Purple Coat,ink and watercolor,https://i.imgur.com/VwFYqIp.jpg
23,Cupcakes,ink and watercolor,https://i.imgur.com/e1IGcUh.jpg
24,Cross Your Fingers,ink and watercolor,https://i.imgur.com/AuBnaFD.jpg
25,Shark,ink,https://i.imgur.com/CHIYVXs.jpg
26,Black Flowers,ink and watercolor,https://i.imgur.com/K2VVspL.jpg
27,Wait,ink and watercolor,https://i.imgur.com/pgrCxES.jpg
28,Blue Hair,ink and watercolor,https://i.imgur.com/lozTopj.jpg
29,Turquoise Flowers,ink and watercolor,https://i.imgur.com/qe3x8cV.jpg
30,Sunset,ink and watercolor,https://i.imgur.com/ahkW0at.jpg
31,Renaissance,ink and watercolor,https://i.imgur.com/X761w67.jpg
32,Teapot,acrylic on canvas,https://i.imgur.com/plxgrhJ.jpg
33,Tomato,ink and watercolor,https://i.imgur.com/An0z7fj.jpg
34,Angel Island,acrylic on canvas,https://i.imgur.com/uQAIXWt.jpg